3305 Sleepy By-pass, Farewell, US
374 Misty Highway, Stuck, US
6374 Fallen Wood, Yellow Grass, US
5755 Honey Apple Thicket, Cesar Chavez, US
533 Clear Farms, Loafers Station, US
2909 Silver Shadow Grounds, French Broad, CA
2033 Burning Bear Pike, Butchertown, US
7266 Little Spring Moor, Big Bunch, CA
1090 Dewy Landing, Albertville, CA
3688 Heather Glade, Rock Hall, US
1808 Quiet Meadow, Tehachapi, US
6696 Amber Blossom Range, Yonkers, US
2972 Foggy Circle, Lafleche, US
3219 Cotton Estates, Helltown, US
1367 Silent Gate Round, Coleville, US
6657 Middle Bluff Gate, Ak-Chin Village, US
539 High Cider Chase, Half Hell, US
6665 Cozy Limits, Not, US
1753 Sunny Fox Rise, Martin Box, US
8361 Old Treasure Corners, Tintown, US
8746 Rustic Oak Mount, Starbucktown, US
9373 Pleasant Bay, Hogeye, US
6517 Iron Sky End, Nevada, US
7996 Rocky Wagon Bend, Blue Earth, US
9380 Hazy Butterfly Arbor, Benevolence, CA
6782 Red Glen, Wildcat Corner, US
3407 Dusty View Via, Melfort, US
9448 Lost Forest, Point Truth, US
3458 Thunder Fawn Expressway, Nipomo, US
1690 Tawny Pine Place, Newfolden, US
7875 Golden Subdivision, Hershey, US
9496 Jagged Lagoon Downs, Hurricane, US
5378 Broad Corner, Sealover, CA
5327 Easy Stead, Emerson, US
8582 Gentle Rise Lookout, Crumrod, US
9416 Shady Parade, Burnt Chimney Corner, US
4958 Stony Mews, Dogcreek, US
8107 Round Nectar Crescent, Parrots, US
5429 Blue Avenue, Pickelville, CA
9083 Green Beacon Private, Bald Head, US
7788 Merry River Trail, Truthville, US
5999 Noble Key, Hart's Location, US
9343 Indian Brook Campus, Lintlaw, US
7573 Hidden Lake Impasse, Likely, CA
8115 Lazy Pond Port, Nanton, US
7625 Emerald Diversion, Hollow Rock, US
7610 Crystal Square, Kilkenny, US
4404 Wishing Loop, Romulus, US
3283 Umber Circuit, Galilee, US
120 Quaking Embers Passage, Point of Rocks, US
